freq,variable,standard_name,long_name,units,cell_methods,
1hr,uas,eastward_wind,Eastward Near-Surface Wind,m s-1,time: point (interval: 1H) area: interpolation (method: bilinear),
1hr,zmla,atmosphere_boundary_layer_thickness,Height of Boundary Layer,m,time: point (interval: 1H),
1hr,rsdt,toa_incoming_shortwave_flux,TOA Incident Shortwave Radiation,W m-2,time: mean (interval: 1 hour) time: mean (interval: 1H),
1hr,rsuscs,surface_upwelling_shortwave_flux_in_air_assuming_clear_sky,Surface Upwelling Clear-Sky Shortwave Radiation,W m-2, ,
1hr,ua200m,eastward_wind,Eastward Wind at 200m,m s-1,model_level_number: point area: interpolation (method: bilinear) height: interpolation(method: log) time: point (interval: 1H),
1hr,hurs,relative_humidity,Near-Surface Relative Humidity,%,time: point (interval: 1H),
1hr,vas,northward_wind,Northward Near-Surface Wind,m s-1,time: point (interval: 1H) area: interpolation (method: bilinear),
1hr,evspsblpot,water_potential_evaporation_flux,Potential Evapotranspiration,kg m-2 s-1,time: mean (interval: 1 hour),
1hr,ua150m,eastward_wind,Eastward Wind at 150m,m s-1,model_level_number: point area: interpolation (method: bilinear) height: interpolation(method: log) time: point (interval: 1H),
1hr,ua250m,eastward_wind,Eastward Wind at 250m,m s-1,model_level_number: point area: interpolation (method: bilinear) height: interpolation(method: log) time: point (interval: 1H),
1hr,wsgsmax,wind_speed_of_gust ,Hourly Maximum Near-Surface Wind Speed of Gust,m s-1,time: maximum (interval: 1 hour) area: interpolation (method: bilinear) time: maximum (interval: 1H),
1hr,rsdsdir,surface_direct_downwelling_shortwave_flux_in_air,Surface Direct Downwelling Shortwave Radiation,W m-2,time: mean (interval: 1H),
1hr,huss,specific_humidity,Near-Surface Specific Humidity,1,time: point (interval: 1H),
1hr,rluscs,surface_upwelling_longwave_flux_in_air_assuming_clear_sky,Surface Upwelling Clear-Sky Longwave Radiation,W m-2, ,
1hr,hfss,surface_upward_sensible_heat_flux,Surface Upward Sensible Heat Flux,W m-2,time: mean (interval: 1 hour) time: mean (interval: 1H),
1hr,vasmean,northward_wind,Northward Near-Surface Wind,m s-1,area: interpolation (method: bilinear) time: mean (interval: 1H),
1hr,sfcWind,wind_speed,Near-Surface Wind Speed,m s-1,time: point (interval: 1H) area: interpolation (method: bilinear),
1hr,mrfsos,frozen_water_content_of_soil_layer,Frozen Water Content in Upper Portion of Soil Column,kg m-2,time: point (interval: 1H),
1hr,ua1500m,northward_wind,Eastward Wind at 1500m,m s-1,model_level_number: point area: interpolation (method: bilinear) height: interpolation(method: log) time: point (interval: 1H),
1hr,tas,air_temperature,Near-Surface Air Temperature,K,time: point (interval: 1H),
1hr,hfls,surface_upward_latent_heat_flux,Surface Upward Latent Heat Flux,W m-2,time: mean (interval: 1 hour) time: mean (interval: 1H),
1hr,ta1500m,air_temperature,Air Temperature at 1500m,K,model_level_number: point area: interpolation (method: bilinear) height: interpolation(method: log) time: point (interval: 1H),
1hr,va200m,northward_wind,Northward Wind at 200m,m s-1,model_level_number: point area: interpolation (method: bilinear) height: interpolation(method: log) time: point (interval: 1H),
1hr,rsut,toa_outgoing_shortwave_flux,TOA Outgoing Shortwave Radiation,W m-2,time: mean (interval: 1 hour) time: mean (interval: 1H),
1hr,tasmean,air_temperature,Hourly Mean Near-Surface Air Temperature,K,time: mean (interval: 1H),
1hr,clh,cloud_area_fraction_in_atmosphere_layer,High Level Cloud Fraction,%,time: mean (interval: 1 hour),
1hr,cll,cloud_area_fraction_in_atmosphere_layer,Low Level Cloud Fraction,%,time: mean (interval: 1 hour),
1hr,tasmax,air_temperature,Hourly Maximum Near-Surface Air Temperature,K,time: maximum (interval: 1 hour),
1hr,vasmax,northward_wind,Northward Near-Surface Wind,m s-1,area: interpolation (method: bilinear) time: maximum (interval: 1H),
1hr,rsutcs,toa_outgoing_shortwave_flux_assuming_clear_sky,TOA Outgoing Clear-Sky Shortwave Radiation,W m-2,time: mean (interval: 1 hour),
1hr,ta100m,air_temperature,Air Temperature at 100m,K,model_level_number: point area: interpolation (method: bilinear) height: interpolation(method: log) time: point (interval: 1H),
1hr,va100m,northward_wind,Northward Wind at 100m,m s-1,model_level_number: point area: interpolation (method: bilinear) height: interpolation(method: log) time: point (interval: 1H),
1hr,rldscs,surface_downwelling_longwave_flux_in_air_assuming_clear_sky,Surface Downwelling Clear-Sky Longwave Radiation,W m-2,,
1hr,rlds,surface_downwelling_longwave_flux_in_air,Surface Downwelling Longwave Radiation,W m-2,time: mean (interval: 1 hour),
1hr,va1500m,northward_wind,Northward Wind at 1500m,m s-1,model_level_number: point area: interpolation (method: bilinear) height: interpolation(method: log) time: point (interval: 1H),
1hr,psl,air_pressure_at_mean_sea_level,Sea Level Pressure,Pa,time: point (interval: 1H),
1hr,rsds,surface_downwelling_shortwave_flux_in_air,Surface Downwelling Shortwave Radiation,W m-2,time: mean (interval: 1 hour),
1hr,rsus,surface_upwelling_shortwave_flux_in_air,Surface Upwelling Shortwave Radiation,W m-2,time: mean (interval: 1 hour) time: mean (interval: 1H),
1hr,rlut,toa_outgoing_longwave_flux,TOA Outgoing Longwave Radiation,W m-2,time: mean (interval: 1 hour) time: mean (interval: 1H),
1hr,rlus,surface_upwelling_longwave_flux_in_air,Surface Upwelling Longwave Radiation,W m-2,time: mean (interval: 1 hour) time: mean (interval: 1H),
1hr,va50m,northward_wind,Northward Wind at 50m,m s-1,model_level_number: point area: interpolation (method: bilinear) height: interpolation(method: log) time: point (interval: 1H),
1hr,evspsbl,water_evapotranspiration_flux,Evaporation Including Sublimation and Transpiration,kg m-2 s-1,time: mean (interval: 1 hour),
1hr,ts,surface_temperature,Surface Temperature,K,time: point (interval: 1H),
1hr,prw,atmosphere_mass_content_of_water_vapor,Water Vapor Path,kg m-2,time: point (interval: 1H),
1hr,ta150m,air_temperature,Air Temperature at 150m,K,model_level_number: point area: interpolation (method: bilinear) height: interpolation(method: log) time: point (interval: 1H),
1hr,pr,precipitation_flux,Precipitation,kg m-2 s-1,time: mean (interval: 1 hour),
1hr,clwvi,atmosphere_mass_content_of_cloud_condensed_water,Condensed Water Path,kg m-2,time: point (interval: 1H),
1hr,ps,surface_air_pressure,Surface Air Pressure,Pa,time: point (interval: 1H),
1hr,uasmean,eastward_wind,Eastward Near-Surface Wind,m s-1,area: interpolation (method: bilinear) time: mean (interval: 1H),
1hr,CAPE,atmosphere_convective_available_potential_energy_wrt_surface,Convective Available Potential Energy,J kg-1, ,
1hr,uasmax,eastward_wind,Eastward Near-Surface Wind,m s-1,area: interpolation (method: bilinear) time: maximum (interval: 1H),
1hr,tasmin,air_temperature,Hourly Minimum Near-Surface Air Temperature,K,time: minimum (interval: 1 hour),
1hr,rsdscs,surface_downwelling_shortwave_flux_in_air_assuming_clear_sky,Surface Downwelling Clear-Sky Shortwave Radiation,W m-2, ,
1hr,prc,convective_precipitation_flux,Convective Precipitation,kg m-2 s-1,time: mean (interval: 1 hour),
1hr,ta200m,air_temperature,Air Temperature at 200m,K,model_level_number: point area: interpolation (method: bilinear) height: interpolation(method: log) time: point (interval: 1H),
1hr,va250m,northward_wind,Northward Wind at 250m,m s-1,model_level_number: point area: interpolation (method: bilinear) height: interpolation(method: log) time: point (interval: 1H),
1hr,clivi,atmosphere_mass_content_of_cloud_ice,Ice Water Path,kg m-2,time: point (interval: 1H),
1hr,va150m,northward_wind,Northward Wind at 150m,m s-1,model_level_number: point area: interpolation (method: bilinear) height: interpolation(method: log) time: point (interval: 1H),
1hr,clt,cloud_area_fraction,Total Cloud Cover Percentage,%,time: mean (interval: 1 hour),
1hr,ua50m,eastward_wind,Eastward Wind at 50m,m s-1,model_level_number: point area: interpolation (method: bilinear) height: interpolation(method: log) time: point (interval: 1H),
1hr,clm,cloud_area_fraction_in_atmosphere_layer,Mid Level Cloud Fraction,%,time: mean (interval: 1 hour),
1hr,rlutcs,toa_outgoing_longwave_flux_assuming_clear_sky,TOA Outgoing Clear-Sky Longwave Radiation,W m-2,time: mean (interval: 1 hour),
1hr,prsn,snowfall_flux,Snowfall Flux,kg m-2 s-1,time: mean (interval: 1 hour),
1hr,ta250m,air_temperature,Air Temperature at 250m,K,model_level_number: point area: interpolation (method: bilinear) height: interpolation(method: log) time: point (interval: 1H),
1hr,CIN,atmosphere_convective_inhibition_wrt_surface,Convective Inhibition,J kg-1,time: point (interval: 1H),
1hr,ta50m,air_temperature,Air Temperature at 50m,K,model_level_number: point area: interpolation (method: bilinear) height: interpolation(method: linear) time: point (interval: 1H),
1hr,ua100m,eastward_wind,Eastward Wind at 100m,m s-1,model_level_number: point area: interpolation (method: bilinear) height: interpolation(method: log) time: point (interval: 1H),
1hr,mrsos,mass_content_of_water_in_soil_layer\n,Moisture in Upper Portion of Soil Column,kg m-2,time: point (interval: 1H),
6hr,mrfsol,frozen_water_content_of_soil_layer,Frozen Water Content of Soil Layer,kg m-2,time: point (interval: 6H),
6hr,ta925,air_temperature,Air Temperature,K,pressure: point time: point (interval: 6H) area: interpolation (method: bilinear),
6hr,ta1000,air_temperature,Air Temperature,K,pressure: point time: point (interval: 6H) area: interpolation (method: bilinear),
6hr,ua400,eastward_wind,Eastward Wind,m s-1,pressure: point time: point (interval: 6H) area: interpolation (method: bilinear),
6hr,zg850,geopotential_height,Geopotential Height,m,pressure: point time: point (interval: 6H) area: interpolation (method: bilinear),
6hr,hus850,specific_humidity,Specific Humidity,1,pressure: point time: point (interval: 6H) area: interpolation (method: bilinear),
6hr,va200,northward_wind,Northward Wind,m s-1,pressure: point time: point (interval: 6H) area: interpolation (method: bilinear),
6hr,ta10,air_temperature,Air Temperature,K,pressure: point time: point (interval: 6H) area: interpolation (method: bilinear),
6hr,wa70,upward_air_velocity,Upward Air Velocity,m s-1,pressure: point time: point (interval: 6H) area: interpolation (method: bilinear),
6hr,ta600,air_temperature,Air Temperature,K,pressure: point time: point (interval: 6H) area: interpolation (method: bilinear),
6hr,va70,northward_wind,Northward Wind,m s-1,pressure: point time: point (interval: 6H) area: interpolation (method: bilinear),
6hr,hus200,specific_humidity,Specific Humidity,1,pressure: point time: point (interval: 6H) area: interpolation (method: bilinear),
6hr,hus300,specific_humidity,Specific Humidity,1,pressure: point time: point (interval: 6H) area: interpolation (method: bilinear),
6hr,ua100,eastward_wind,Eastward Wind,m s-1,pressure: point time: point (interval: 6H) area: interpolation (method: bilinear),
6hr,ta950,air_temperature,Air Temperature,K,pressure: point time: point (interval: 6H) area: interpolation (method: bilinear),
6hr,ua200,eastward_wind,Eastward Wind,m s-1,pressure: point time: point (interval: 6H) area: interpolation (method: bilinear),
6hr,wa1000,upward_air_velocity,Upward Air Velocity,m s-1,pressure: point time: point (interval: 6H) area: interpolation (method: bilinear),
6hr,sic,sea_ice_area_fraction,Sea Ice Area Fraction,%,time: point (interval: 6H),
6hr,ta20,air_temperature,Air Temperature,K,pressure: point time: point (interval: 6H) area: interpolation (method: bilinear),
6hr,zg1000,geopotential_height,Geopotential Height,m,pressure: point time: point (interval: 6H) area: interpolation (method: bilinear),
6hr,zg925,geopotential_height,Geopotential Height,m,pressure: point time: point (interval: 6H) area: interpolation (method: bilinear),
6hr,hus50,specific_humidity,Specific Humidity,1,pressure: point time: point (interval: 6H) area: interpolation (method: bilinear),
6hr,hus150,specific_humidity,Specific Humidity,1,pressure: point time: point (interval: 6H) area: interpolation (method: bilinear),
6hr,hus600,specific_humidity,Specific Humidity,1,pressure: point time: point (interval: 6H) area: interpolation (method: bilinear),
6hr,va700,northward_wind,Northward Wind,m s-1,pressure: point time: point (interval: 6H) area: interpolation (method: bilinear),
6hr,hus1000,specific_humidity,Specific Humidity,1,pressure: point time: point (interval: 6H) area: interpolation (method: bilinear),
6hr,ta200,air_temperature,Air Temperature,K,pressure: point time: point (interval: 6H) area: interpolation (method: bilinear),
6hr,wa10,upward_air_velocity,Upward Air Velocity,m s-1,pressure: point time: point (interval: 6H) area: interpolation (method: bilinear),
6hr,va100,northward_wind,Northward Wind,m s-1,pressure: point time: point (interval: 6H) area: interpolation (method: bilinear),
6hr,ua10,eastward_wind,Eastward Wind,m s-1,pressure: point time: point (interval: 6H) area: interpolation (method: bilinear),
6hr,va20,northward_wind,Northward Wind,m s-1,pressure: point time: point (interval: 6H) area: interpolation (method: bilinear),
6hr,hus400,specific_humidity,Specific Humidity,1,pressure: point time: point (interval: 6H) area: interpolation (method: bilinear),
6hr,zg100,geopotential_height,Geopotential Height,m,pressure: point time: point (interval: 6H) area: interpolation (method: bilinear),
6hr,snd,surface_snow_thickness,Snow Depth,m,pseudo_level: sum,
6hr,ta250,air_temperature,Air Temperature,K,pressure: point time: point (interval: 6H) area: interpolation (method: bilinear),
6hr,ua250,eastward_wind,Eastward Wind,m s-1,pressure: point time: point (interval: 6H) area: interpolation (method: bilinear),
6hr,snw,surface_snow_amount,Surface Snow Amount,kg m-2,time: point (interval: 6H),
6hr,ua925,eastward_wind,Eastward Wind,m s-1,pressure: point time: point (interval: 6H) area: interpolation (method: bilinear),
6hr,mrros,surface_runoff_flux,Surface Runoff,kg m-2 s-1,time: mean (interval: 1 hour),
6hr,va300,northward_wind,Northward Wind,m s-1,pressure: point time: point (interval: 6H) area: interpolation (method: bilinear),
6hr,tauv,surface_downward_northward_stress,Surface Downward Northward Wind Stress,Pa,time: mean (interval: 1 hour),
6hr,wa100,upward_air_velocity,Upward Air Velocity,m s-1,pressure: point time: point (interval: 6H) area: interpolation (method: bilinear),
6hr,wa600,upward_air_velocity,Upward Air Velocity,m s-1,pressure: point time: point (interval: 6H) area: interpolation (method: bilinear),
6hr,omega500,downward_air_velocity,Downward Air Velocity in pressure coordinates,Pa s-1,pressure: point time: point (interval: 6H) area: interpolation (method: bilinear),
6hr,ta50,air_temperature,Air Temperature,K,pressure: point time: point (interval: 6H) area: interpolation (method: bilinear),
6hr,ta500,air_temperature,Air Temperature,K,pressure: point time: point (interval: 6H) area: interpolation (method: bilinear),
6hr,va600,northward_wind,Northward Wind,m s-1,pressure: point time: point (interval: 6H) area: interpolation (method: bilinear),
6hr,zg10,geopotential_height,Geopotential Height,m,pressure: point time: point (interval: 6H) area: interpolation (method: bilinear),
6hr,va250,northward_wind,Northward Wind,m s-1,pressure: point time: point (interval: 6H) area: interpolation (method: bilinear),
6hr,va1000,northward_wind,Northward Wind,m s-1,pressure: point time: point (interval: 6H) area: interpolation (method: bilinear),
6hr,ta30,air_temperature,Air Temperature,K,pressure: point time: point (interval: 6H) area: interpolation (method: bilinear),
6hr,ta100,air_temperature,Air Temperature,K,pressure: point time: point (interval: 6H) area: interpolation (method: bilinear),
6hr,mrfso,soil_frozen_water_content,Soil Frozen Water Content,kg m-2,time: point (interval: 6H) depth: sum,
6hr,wa150,upward_air_velocity,Upward Air Velocity,m s-1,pressure: point time: point (interval: 6H) area: interpolation (method: bilinear),
6hr,ta400,air_temperature,Air Temperature,K,pressure: point time: point (interval: 6H) area: interpolation (method: bilinear),
6hr,hus20,specific_humidity,Specific Humidity,1,pressure: point time: point (interval: 6H) area: interpolation (method: bilinear),
6hr,hus925,specific_humidity,Specific Humidity,1,pressure: point time: point (interval: 6H) area: interpolation (method: bilinear),
6hr,wa700,upward_air_velocity,Upward Air Velocity,m s-1,pressure: point time: point (interval: 6H) area: interpolation (method: bilinear),
6hr,wa20,upward_air_velocity,Upward Air Velocity,m s-1,pressure: point time: point (interval: 6H) area: interpolation (method: bilinear),
6hr,va30,northward_wind,Northward Wind,m s-1,pressure: point time: point (interval: 6H) area: interpolation (method: bilinear),
6hr,hus950,specific_humidity,Specific Humidity,1,pressure: point time: point (interval: 6H) area: interpolation (method: bilinear),
6hr,mrso,mass_content_of_water_in_soil\n,Total Soil Moisture Content,kg m-2,time: point (interval: 6H) depth: sum,
6hr,snm,surface_snow_melt_flux,Surface Snow Melt,kg m-2 s-1,time: mean (interval: 1 hour),
6hr,hus70,specific_humidity,Specific Humidity,1,pressure: point time: point (interval: 6H) area: interpolation (method: bilinear),
6hr,ua500,eastward_wind,Eastward Wind,m s-1,pressure: point time: point (interval: 6H) area: interpolation (method: bilinear),
6hr,ua70,eastward_wind,Eastward Wind,m s-1,pressure: point time: point (interval: 6H) area: interpolation (method: bilinear),
6hr,zg30,geopotential_height,Geopotential Height,m,pressure: point time: point (interval: 6H) area: interpolation (method: bilinear),
6hr,zg700,geopotential_height,Geopotential Height,m,pressure: point time: point (interval: 6H) area: interpolation (method: bilinear),
6hr,ta700,air_temperature,Air Temperature,K,pressure: point time: point (interval: 6H) area: interpolation (method: bilinear),
6hr,va400,northward_wind,Northward Wind,m s-1,pressure: point time: point (interval: 6H) area: interpolation (method: bilinear),
6hr,va150,northward_wind,Northward Wind,m s-1,pressure: point time: point (interval: 6H) area: interpolation (method: bilinear),
6hr,ta70,air_temperature,Air Temperature,K,pressure: point time: point (interval: 6H) area: interpolation (method: bilinear),
6hr,ua20,eastward_wind,Eastward Wind,m s-1,pressure: point time: point (interval: 6H) area: interpolation (method: bilinear),
6hr,ua850,eastward_wind,Eastward Wind,m s-1,pressure: point time: point (interval: 6H) area: interpolation (method: bilinear),
6hr,wa925,upward_air_velocity,Upward Air Velocity,m s-1,pressure: point time: point (interval: 6H) area: interpolation (method: bilinear),
6hr,wa30,upward_air_velocity,Upward Air Velocity,m s-1,pressure: point time: point (interval: 6H) area: interpolation (method: bilinear),
6hr,wa850,upward_air_velocity,Upward Air Velocity,m s-1,pressure: point time: point (interval: 6H) area: interpolation (method: bilinear),
6hr,zg200,geopotential_height,Geopotential Height,m,pressure: point time: point (interval: 6H) area: interpolation (method: bilinear),
6hr,va850,northward_wind,Northward Wind,m s-1,pressure: point time: point (interval: 6H) area: interpolation (method: bilinear),
6hr,wa500,upward_air_velocity,Upward Air Velocity,m s-1,pressure: point time: point (interval: 6H) area: interpolation (method: bilinear),
6hr,ta300,air_temperature,Air Temperature,K,pressure: point time: point (interval: 6H) area: interpolation (method: bilinear),
6hr,hus10,specific_humidity,Specific Humidity,1,pressure: point time: point (interval: 6H) area: interpolation (method: bilinear),
6hr,tauu,surface_downward_eastward_stress,Surface Downward Eastward Wind Stress,Pa,time: mean (interval: 1 hour),
6hr,zg600,geopotential_height,Geopotential Height,m,pressure: point time: point (interval: 6H) area: interpolation (method: bilinear),
6hr,zg250,geopotential_height,Geopotential Height,m,pressure: point time: point (interval: 6H) area: interpolation (method: bilinear),
6hr,ua30,eastward_wind,Eastward Wind,m s-1,pressure: point time: point (interval: 6H) area: interpolation (method: bilinear),
6hr,ta850,air_temperature,Air Temperature,K,pressure: point time: point (interval: 6H) area: interpolation (method: bilinear),
6hr,wa300,upward_air_velocity,Upward Air Velocity,m s-1,pressure: point time: point (interval: 6H) area: interpolation (method: bilinear),
6hr,ua150,eastward_wind,Eastward Wind,m s-1,pressure: point time: point (interval: 6H) area: interpolation (method: bilinear),
6hr,mrsol,mass_content_of_water_in_soil_layer,Total Water Content of Soil Layer,kg m-2,time: point (interval: 6H),
6hr,ta150,air_temperature,Air Temperature,K,pressure: point time: point (interval: 6H) area: interpolation (method: bilinear),
6hr,ua50,eastward_wind,Eastward Wind,m s-1,pressure: point time: point (interval: 6H) area: interpolation (method: bilinear),
6hr,mrro,runoff_flux,Total Runoff,kg m-2 s-1,time: mean (interval: 1 hour),
6hr,hus250,specific_humidity,Specific Humidity,1,pressure: point time: point (interval: 6H) area: interpolation (method: bilinear),
6hr,ua600,eastward_wind,Eastward Wind,m s-1,pressure: point time: point (interval: 6H) area: interpolation (method: bilinear),
6hr,va925,northward_wind,Northward Wind,m s-1,pressure: point time: point (interval: 6H) area: interpolation (method: bilinear),
6hr,zg20,geopotential_height,Geopotential Height,m,pressure: point time: point (interval: 6H) area: interpolation (method: bilinear),
6hr,va500,northward_wind,Northward Wind,m s-1,pressure: point time: point (interval: 6H) area: interpolation (method: bilinear),
6hr,wa200,upward_air_velocity,Upward Air Velocity,m s-1,pressure: point time: point (interval: 6H) area: interpolation (method: bilinear),
6hr,wa400,upward_air_velocity,Upward Air Velocity,m s-1,pressure: point time: point (interval: 6H) area: interpolation (method: bilinear),
6hr,ua300,eastward_wind,Eastward Wind,m s-1,pressure: point time: point (interval: 6H) area: interpolation (method: bilinear),
6hr,hus700,specific_humidity,Specific Humidity,1,pressure: point time: point (interval: 6H) area: interpolation (method: bilinear),
6hr,zg50,geopotential_height,Geopotential Height,m,pressure: point time: point (interval: 6H) area: interpolation (method: bilinear),
6hr,hus500,specific_humidity,Specific Humidity,1,pressure: point time: point (interval: 6H) area: interpolation (method: bilinear),
6hr,wa250,upward_air_velocity,Upward Air Velocity,m s-1,pressure: point time: point (interval: 6H) area: interpolation (method: bilinear),
6hr,va10,northward_wind,Northward Wind,m s-1,pressure: point time: point (interval: 6H) area: interpolation (method: bilinear),
6hr,ua700,eastward_wind,Eastward Wind,m s-1,pressure: point time: point (interval: 6H) area: interpolation (method: bilinear),
6hr,zg150,geopotential_height,Geopotential Height,m,pressure: point time: point (interval: 6H) area: interpolation (method: bilinear),
6hr,tsl,soil_temperature,Temperature of Soil,K,time: point (interval: 6H),
6hr,zg400,geopotential_height,Geopotential Height,m,pressure: point time: point (interval: 6H) area: interpolation (method: bilinear),
6hr,va50,northward_wind,Northward Wind,m s-1,pressure: point time: point (interval: 6H) area: interpolation (method: bilinear),
6hr,zg300,geopotential_height,Geopotential Height,m,pressure: point time: point (interval: 6H) area: interpolation (method: bilinear),
6hr,hus30,specific_humidity,Specific Humidity,1,pressure: point time: point (interval: 6H) area: interpolation (method: bilinear),
6hr,zg70,geopotential_height,Geopotential Height,m,pressure: point time: point (interval: 6H) area: interpolation (method: bilinear),
6hr,hus100,specific_humidity,Specific Humidity,1,pressure: point time: point (interval: 6H) area: interpolation (method: bilinear),
6hr,ua1000,eastward_wind,Eastward Wind,m s-1,pressure: point time: point (interval: 6H) area: interpolation (method: bilinear),
6hr,zg500,geopotential_height,Geopotential Height,m,pressure: point time: point (interval: 6H) area: interpolation (method: bilinear),
6hr,wa50,upward_air_velocity,Upward Air Velocity,m s-1,pressure: point time: point (interval: 6H) area: interpolation (method: bilinear),
day,mrfsol,frozen_water_content_of_soil_layer,Frozen Water Content of Soil Layer,kg m-2,time: point (interval: 6H) time: mean (interval: 1D),
day,ta925,air_temperature,Air Temperature,K,pressure: point time: point (interval: 6H) area: interpolation (method: bilinear) time: mean (interval: 1D),
day,uas,eastward_wind,Eastward Near-Surface Wind,m s-1,time: point (interval: 1H) area: interpolation (method: bilinear) time: mean (interval: 1D),
day,ta1000,air_temperature,Air Temperature,K,pressure: point time: point (interval: 6H) area: interpolation (method: bilinear) time: mean (interval: 1D),
day,ua400,eastward_wind,Eastward Wind,m s-1,pressure: point time: point (interval: 6H) area: interpolation (method: bilinear) time: mean (interval: 1D),
day,zmla,atmosphere_boundary_layer_thickness,Height of Boundary Layer,m,time: point (interval: 1H) time: mean (interval: 1D),
day,rsdt,toa_incoming_shortwave_flux,TOA Incident Shortwave Radiation,W m-2,time: mean (interval: 1 hour) time: mean (interval: 1H) time: mean (interval: 1D),
day,zg850,geopotential_height,Geopotential Height,m,pressure: point time: point (interval: 6H) area: interpolation (method: bilinear) time: mean (interval: 1D),
day,hus850,specific_humidity,Specific Humidity,1,pressure: point time: point (interval: 6H) area: interpolation (method: bilinear) time: mean (interval: 1D),
day,va200,northward_wind,Northward Wind,m s-1,pressure: point time: point (interval: 6H) area: interpolation (method: bilinear) time: mean (interval: 1D),
day,rsuscs,surface_upwelling_shortwave_flux_in_air_assuming_clear_sky,Surface Upwelling Clear-Sky Shortwave Radiation,W m-2,time: mean (interval: 1D),
day,ua200m,eastward_wind,Eastward Wind at 200m,m s-1,model_level_number: point area: interpolation (method: bilinear) height: interpolation(method: log) time: point (interval: 1H) time: mean (interval: 1D),
day,ta10,air_temperature,Air Temperature,K,pressure: point time: point (interval: 6H) area: interpolation (method: bilinear) time: mean (interval: 1D),
day,hurs,relative_humidity,Near-Surface Relative Humidity,%,time: point (interval: 1H) time: mean (interval: 1D),
day,vas,northward_wind,Northward Near-Surface Wind,m s-1,time: point (interval: 1H) area: interpolation (method: bilinear) time: mean (interval: 1D),
day,wa70,upward_air_velocity,Upward Air Velocity,m s-1,pressure: point time: point (interval: 6H) area: interpolation (method: bilinear) time: mean (interval: 1D),
day,evspsblpot,water_potential_evaporation_flux,Potential Evapotranspiration,kg m-2 s-1,time: mean (interval: 1 hour) time: mean (interval: 1D),
day,ta600,air_temperature,Air Temperature,K,pressure: point time: point (interval: 6H) area: interpolation (method: bilinear) time: mean (interval: 1D),
day,sfcWindmax,wind_speed,Daily Maximum Near-Surface Wind Speed,m s-1,time: maximum (interval: 1 hour) area: interpolation (method: bilinear) time: maximum (interval: 1D),
day,va70,northward_wind,Northward Wind,m s-1,pressure: point time: point (interval: 6H) area: interpolation (method: bilinear) time: mean (interval: 1D),
day,hus200,specific_humidity,Specific Humidity,1,pressure: point time: point (interval: 6H) area: interpolation (method: bilinear) time: mean (interval: 1D),
day,hus300,specific_humidity,Specific Humidity,1,pressure: point time: point (interval: 6H) area: interpolation (method: bilinear) time: mean (interval: 1D),
day,ua100,eastward_wind,Eastward Wind,m s-1,pressure: point time: point (interval: 6H) area: interpolation (method: bilinear) time: mean (interval: 1D),
day,ua150m,eastward_wind,Eastward Wind at 150m,m s-1,model_level_number: point area: interpolation (method: bilinear) height: interpolation(method: log) time: point (interval: 1H) time: mean (interval: 1D),
day,ua200,eastward_wind,Eastward Wind,m s-1,pressure: point time: point (interval: 6H) area: interpolation (method: bilinear) time: mean (interval: 1D),
day,ua250m,eastward_wind,Eastward Wind at 250m,m s-1,model_level_number: point area: interpolation (method: bilinear) height: interpolation(method: log) time: point (interval: 1H) time: mean (interval: 1D),
day,wsgsmax,wind_speed_of_gust ,Daily Maximum Near-Surface Wind Speed of Gust,m s-1,time: maximum (interval: 1 hour) area: interpolation (method: bilinear) time: maximum (interval: 1H) time: maximum (interval: 1D),
day,wa1000,upward_air_velocity,Upward Air Velocity,m s-1,pressure: point time: point (interval: 6H) area: interpolation (method: bilinear) time: mean (interval: 1D),
day,rsdsdir,surface_direct_downwelling_shortwave_flux_in_air,Surface Direct Downwelling Shortwave Radiation,W m-2,time: mean (interval: 1H) time: mean (interval: 1D),
day,sic,sea_ice_area_fraction,Sea Ice Area Fraction,%,time: point (interval: 6H) time: mean (interval: 1D),
day,huss,specific_humidity,Near-Surface Specific Humidity,1,time: point (interval: 1H) time: mean (interval: 1D),
day,rluscs,surface_upwelling_longwave_flux_in_air_assuming_clear_sky,Surface Upwelling Clear-Sky Longwave Radiation,W m-2,time: mean (interval: 1D),
day,ta20,air_temperature,Air Temperature,K,pressure: point time: point (interval: 6H) area: interpolation (method: bilinear) time: mean (interval: 1D),
day,zg1000,geopotential_height,Geopotential Height,m,pressure: point time: point (interval: 6H) area: interpolation (method: bilinear) time: mean (interval: 1D),
day,hfss,surface_upward_sensible_heat_flux,Surface Upward Sensible Heat Flux,W m-2,time: mean (interval: 1 hour) time: mean (interval: 1H) time: mean (interval: 1D),
day,zg925,geopotential_height,Geopotential Height,m,pressure: point time: point (interval: 6H) area: interpolation (method: bilinear) time: mean (interval: 1D),
day,hus50,specific_humidity,Specific Humidity,1,pressure: point time: point (interval: 6H) area: interpolation (method: bilinear) time: mean (interval: 1D),
day,hus150,specific_humidity,Specific Humidity,1,pressure: point time: point (interval: 6H) area: interpolation (method: bilinear) time: mean (interval: 1D),
day,hus600,specific_humidity,Specific Humidity,1,pressure: point time: point (interval: 6H) area: interpolation (method: bilinear) time: mean (interval: 1D),
day,va700,northward_wind,Northward Wind,m s-1,pressure: point time: point (interval: 6H) area: interpolation (method: bilinear) time: mean (interval: 1D),
day,sfcWind,wind_speed,Near-Surface Wind Speed,m s-1,time: point (interval: 1H) area: interpolation (method: bilinear) time: mean (interval: 1D),
day,hus1000,specific_humidity,Specific Humidity,1,pressure: point time: point (interval: 6H) area: interpolation (method: bilinear) time: mean (interval: 1D),
day,ta200,air_temperature,Air Temperature,K,pressure: point time: point (interval: 6H) area: interpolation (method: bilinear) time: mean (interval: 1D),
day,wa10,upward_air_velocity,Upward Air Velocity,m s-1,pressure: point time: point (interval: 6H) area: interpolation (method: bilinear) time: mean (interval: 1D),
day,mrfsos,frozen_water_content_of_soil_layer,Frozen Water Content in Upper Portion of Soil Column,kg m-2,time: point (interval: 6H) depth: point time: mean (interval: 1D),
day,ua1500m,northward_wind,Eastward Wind at 1500m,m s-1,model_level_number: point area: interpolation (method: bilinear) height: interpolation(method: log) time: point (interval: 1H) time: mean (interval: 1D),
day,va100,northward_wind,Northward Wind,m s-1,pressure: point time: point (interval: 6H) area: interpolation (method: bilinear) time: mean (interval: 1D),
day,ua10,eastward_wind,Eastward Wind,m s-1,pressure: point time: point (interval: 6H) area: interpolation (method: bilinear) time: mean (interval: 1D),
day,hfls,surface_upward_latent_heat_flux,Surface Upward Latent Heat Flux,W m-2,time: mean (interval: 1 hour) time: mean (interval: 1H) time: mean (interval: 1D),
day,va20,northward_wind,Northward Wind,m s-1,pressure: point time: point (interval: 6H) area: interpolation (method: bilinear) time: mean (interval: 1D),
day,hus400,specific_humidity,Specific Humidity,1,pressure: point time: point (interval: 6H) area: interpolation (method: bilinear) time: mean (interval: 1D),
day,zg100,geopotential_height,Geopotential Height,m,pressure: point time: point (interval: 6H) area: interpolation (method: bilinear) time: mean (interval: 1D),
day,ta1500m,air_temperature,Air Temperature at 1500m,K,model_level_number: point area: interpolation (method: bilinear) height: interpolation(method: log) time: point (interval: 1H) time: mean (interval: 1D),
day,snd,surface_snow_thickness,Snow Depth,m,pseudo_level: sum time: mean (interval: 1D),
day,ta250,air_temperature,Air Temperature,K,pressure: point time: point (interval: 6H) area: interpolation (method: bilinear) time: mean (interval: 1D),
day,ua250,eastward_wind,Eastward Wind,m s-1,pressure: point time: point (interval: 6H) area: interpolation (method: bilinear) time: mean (interval: 1D),
day,va200m,northward_wind,Northward Wind at 200m,m s-1,model_level_number: point area: interpolation (method: bilinear) height: interpolation(method: log) time: point (interval: 1H) time: mean (interval: 1D),
day,rsut,toa_outgoing_shortwave_flux,TOA Outgoing Shortwave Radiation,W m-2,time: mean (interval: 1 hour) time: mean (interval: 1H) time: mean (interval: 1D),
day,snw,surface_snow_amount,Surface Snow Amount,kg m-2,time: point (interval: 6H) time: mean (interval: 1D),
day,ua925,eastward_wind,Eastward Wind,m s-1,pressure: point time: point (interval: 6H) area: interpolation (method: bilinear) time: mean (interval: 1D),
day,tasmean,air_temperature,Daily Mean Near-Surface Air Temperature,K,time: point (interval: 1H) time: mean (interval: 1D),
day,mrros,surface_runoff_flux,Surface Runoff,kg m-2 s-1,time: mean (interval: 1 hour) time: mean (interval: 1D),
day,va300,northward_wind,Northward Wind,m s-1,pressure: point time: point (interval: 6H) area: interpolation (method: bilinear) time: mean (interval: 1D),
day,clh,cloud_area_fraction_in_atmosphere_layer,High Level Cloud Fraction,%,time: mean (interval: 1 hour) time: mean (interval: 1D),
day,tauv,surface_downward_northward_stress,Surface Downward Northward Wind Stress,Pa,time: mean (interval: 1 hour) time: mean (interval: 1D),
day,z0,surface_roughness_length,Surface Roughness Length,m,time: mean (interval: 1 hour) time: mean (interval: 1D),
day,cll,cloud_area_fraction_in_atmosphere_layer,Low Level Cloud Fraction,%,time: mean (interval: 1 hour) time: mean (interval: 1D),
day,tasmax,air_temperature,Daily Maximum Near-Surface Air Temperature,K,time: maximum (interval: 1 hour) time: maximum (interval: 1D),
day,wa100,upward_air_velocity,Upward Air Velocity,m s-1,pressure: point time: point (interval: 6H) area: interpolation (method: bilinear) time: mean (interval: 1D),
day,wa600,upward_air_velocity,Upward Air Velocity,m s-1,pressure: point time: point (interval: 6H) area: interpolation (method: bilinear) time: mean (interval: 1D),
day,omega500,downward_air_velocity,Downward Air Velocity in pressure coordinates,Pa s-1,pressure: point time: point (interval: 6H) area: interpolation (method: bilinear) time: mean (interval: 1D),
day,ta50,air_temperature,Air Temperature,K,pressure: point time: point (interval: 6H) area: interpolation (method: bilinear) time: mean (interval: 1D),
day,ta500,air_temperature,Air Temperature,K,pressure: point time: point (interval: 6H) area: interpolation (method: bilinear) time: mean (interval: 1D),
day,va600,northward_wind,Northward Wind,m s-1,pressure: point time: point (interval: 6H) area: interpolation (method: bilinear) time: mean (interval: 1D),
day,zg10,geopotential_height,Geopotential Height,m,pressure: point time: point (interval: 6H) area: interpolation (method: bilinear) time: mean (interval: 1D),
day,va250,northward_wind,Northward Wind,m s-1,pressure: point time: point (interval: 6H) area: interpolation (method: bilinear) time: mean (interval: 1D),
day,sund,duration_of_sunshine,Daily Duration of Sunshine,s, ,
day,va1000,northward_wind,Northward Wind,m s-1,pressure: point time: point (interval: 6H) area: interpolation (method: bilinear) time: mean (interval: 1D),
day,ta30,air_temperature,Air Temperature,K,pressure: point time: point (interval: 6H) area: interpolation (method: bilinear) time: mean (interval: 1D),
day,rsutcs,toa_outgoing_shortwave_flux_assuming_clear_sky,TOA Outgoing Clear-Sky Shortwave Radiation,W m-2,time: mean (interval: 1 hour) time: mean (interval: 1D),
day,ta100m,air_temperature,Air Temperature at 100m,K,model_level_number: point area: interpolation (method: bilinear) height: interpolation(method: log) time: point (interval: 1H) time: mean (interval: 1D),
day,ta100,air_temperature,Air Temperature,K,pressure: point time: point (interval: 6H) area: interpolation (method: bilinear) time: mean (interval: 1D),
day,va100m,northward_wind,Northward Wind at 100m,m s-1,model_level_number: point area: interpolation (method: bilinear) height: interpolation(method: log) time: point (interval: 1H) time: mean (interval: 1D),
day,mrfso,soil_frozen_water_content,Soil Frozen Water Content,kg m-2,time: point (interval: 6H) depth: sum time: mean (interval: 1D),
day,rldscs,surface_downwelling_longwave_flux_in_air_assuming_clear_sky,Surface Downwelling Clear-Sky Longwave Radiation,W m-2,time: mean (interval: 1D),
day,rlds,surface_downwelling_longwave_flux_in_air,Surface Downwelling Longwave Radiation,W m-2,time: mean (interval: 1 hour) time: mean (interval: 1D),
day,va1500m,northward_wind,Northward Wind at 1500m,m s-1,model_level_number: point area: interpolation (method: bilinear) height: interpolation(method: log) time: point (interval: 1H) time: mean (interval: 1D),
day,wa150,upward_air_velocity,Upward Air Velocity,m s-1,pressure: point time: point (interval: 6H) area: interpolation (method: bilinear) time: mean (interval: 1D),
day,ta400,air_temperature,Air Temperature,K,pressure: point time: point (interval: 6H) area: interpolation (method: bilinear) time: mean (interval: 1D),
day,hus20,specific_humidity,Specific Humidity,1,pressure: point time: point (interval: 6H) area: interpolation (method: bilinear) time: mean (interval: 1D),
day,hus925,specific_humidity,Specific Humidity,1,pressure: point time: point (interval: 6H) area: interpolation (method: bilinear) time: mean (interval: 1D),
day,wa700,upward_air_velocity,Upward Air Velocity,m s-1,pressure: point time: point (interval: 6H) area: interpolation (method: bilinear) time: mean (interval: 1D),
day,wa20,upward_air_velocity,Upward Air Velocity,m s-1,pressure: point time: point (interval: 6H) area: interpolation (method: bilinear) time: mean (interval: 1D),
day,va30,northward_wind,Northward Wind,m s-1,pressure: point time: point (interval: 6H) area: interpolation (method: bilinear) time: mean (interval: 1D),
day,psl,air_pressure_at_mean_sea_level,Sea Level Pressure,Pa,time: point (interval: 1H) time: mean (interval: 1D),
day,rsds,surface_downwelling_shortwave_flux_in_air,Surface Downwelling Shortwave Radiation,W m-2,time: mean (interval: 1 hour) time: mean (interval: 1D),
day,mrso,mass_content_of_water_in_soil\n,Total Soil Moisture Content,kg m-2,time: point (interval: 6H) depth: sum time: mean (interval: 1D),
day,snm,surface_snow_melt_flux,Surface Snow Melt,kg m-2 s-1,time: mean (interval: 1 hour) time: mean (interval: 1D),
day,hus70,specific_humidity,Specific Humidity,1,pressure: point time: point (interval: 6H) area: interpolation (method: bilinear) time: mean (interval: 1D),
day,ua500,eastward_wind,Eastward Wind,m s-1,pressure: point time: point (interval: 6H) area: interpolation (method: bilinear) time: mean (interval: 1D),
day,rsus,surface_upwelling_shortwave_flux_in_air,Surface Upwelling Shortwave Radiation,W m-2,time: mean (interval: 1 hour) time: mean (interval: 1H) time: mean (interval: 1D),
day,ua70,eastward_wind,Eastward Wind,m s-1,pressure: point time: point (interval: 6H) area: interpolation (method: bilinear) time: mean (interval: 1D),
day,zg30,geopotential_height,Geopotential Height,m,pressure: point time: point (interval: 6H) area: interpolation (method: bilinear) time: mean (interval: 1D),
day,rlut,toa_outgoing_longwave_flux,TOA Outgoing Longwave Radiation,W m-2,time: mean (interval: 1 hour) time: mean (interval: 1H) time: mean (interval: 1D),
day,zg700,geopotential_height,Geopotential Height,m,pressure: point time: point (interval: 6H) area: interpolation (method: bilinear) time: mean (interval: 1D),
day,ta700,air_temperature,Air Temperature,K,pressure: point time: point (interval: 6H) area: interpolation (method: bilinear) time: mean (interval: 1D),
day,va400,northward_wind,Northward Wind,m s-1,pressure: point time: point (interval: 6H) area: interpolation (method: bilinear) time: mean (interval: 1D),
day,rlus,surface_upwelling_longwave_flux_in_air,Surface Upwelling Longwave Radiation,W m-2,time: mean (interval: 1 hour) time: mean (interval: 1H) time: mean (interval: 1D),
day,va150,northward_wind,Northward Wind,m s-1,pressure: point time: point (interval: 6H) area: interpolation (method: bilinear) time: mean (interval: 1D),
day,va50m,northward_wind,Northward Wind at 50m,m s-1,model_level_number: point area: interpolation (method: bilinear) height: interpolation(method: log) time: point (interval: 1H) time: mean (interval: 1D),
day,evspsbl,water_evapotranspiration_flux,Evaporation Including Sublimation and Transpiration,kg m-2 s-1,time: mean (interval: 1 hour) time: mean (interval: 1D),
day,ta70,air_temperature,Air Temperature,K,pressure: point time: point (interval: 6H) area: interpolation (method: bilinear) time: mean (interval: 1D),
day,ua20,eastward_wind,Eastward Wind,m s-1,pressure: point time: point (interval: 6H) area: interpolation (method: bilinear) time: mean (interval: 1D),
day,ua850,eastward_wind,Eastward Wind,m s-1,pressure: point time: point (interval: 6H) area: interpolation (method: bilinear) time: mean (interval: 1D),
day,ts,surface_temperature,Surface Temperature,K,time: point (interval: 1H) time: mean (interval: 1D),
day,wa925,upward_air_velocity,Upward Air Velocity,m s-1,pressure: point time: point (interval: 6H) area: interpolation (method: bilinear) time: mean (interval: 1D),
day,wa30,upward_air_velocity,Upward Air Velocity,m s-1,pressure: point time: point (interval: 6H) area: interpolation (method: bilinear) time: mean (interval: 1D),
day,wa850,upward_air_velocity,Upward Air Velocity,m s-1,pressure: point time: point (interval: 6H) area: interpolation (method: bilinear) time: mean (interval: 1D),
day,zg200,geopotential_height,Geopotential Height,m,pressure: point time: point (interval: 6H) area: interpolation (method: bilinear) time: mean (interval: 1D),
day,va850,northward_wind,Northward Wind,m s-1,pressure: point time: point (interval: 6H) area: interpolation (method: bilinear) time: mean (interval: 1D),
day,prw,atmosphere_mass_content_of_water_vapor,Water Vapor Path,kg m-2,time: point (interval: 1H) time: mean (interval: 1D),
day,wa500,upward_air_velocity,Upward Air Velocity,m s-1,pressure: point time: point (interval: 6H) area: interpolation (method: bilinear) time: mean (interval: 1D),
day,ta300,air_temperature,Air Temperature,K,pressure: point time: point (interval: 6H) area: interpolation (method: bilinear) time: mean (interval: 1D),
day,hus10,specific_humidity,Specific Humidity,1,pressure: point time: point (interval: 6H) area: interpolation (method: bilinear) time: mean (interval: 1D),
day,tauu,surface_downward_eastward_stress,Surface Downward Eastward Wind Stress,Pa,time: mean (interval: 1 hour) time: mean (interval: 1D),
day,zg600,geopotential_height,Geopotential Height,m,pressure: point time: point (interval: 6H) area: interpolation (method: bilinear) time: mean (interval: 1D),
day,ta150m,air_temperature,Air Temperature at 150m,K,model_level_number: point area: interpolation (method: bilinear) height: interpolation(method: log) time: point (interval: 1H) time: mean (interval: 1D),
day,zg250,geopotential_height,Geopotential Height,m,pressure: point time: point (interval: 6H) area: interpolation (method: bilinear) time: mean (interval: 1D),
day,pr,precipitation_flux,Precipitation,kg m-2 s-1,time: mean (interval: 1 hour) time: mean (interval: 1D),
day,ua30,eastward_wind,Eastward Wind,m s-1,pressure: point time: point (interval: 6H) area: interpolation (method: bilinear) time: mean (interval: 1D),
day,clwvi,atmosphere_mass_content_of_cloud_condensed_water,Condensed Water Path,kg m-2,time: point (interval: 1H) time: mean (interval: 1D),
day,ps,surface_air_pressure,Surface Air Pressure,Pa,time: point (interval: 1H) time: mean (interval: 1D),
day,ta850,air_temperature,Air Temperature,K,pressure: point time: point (interval: 6H) area: interpolation (method: bilinear) time: mean (interval: 1D),
day,wa300,upward_air_velocity,Upward Air Velocity,m s-1,pressure: point time: point (interval: 6H) area: interpolation (method: bilinear) time: mean (interval: 1D),
day,ua150,eastward_wind,Eastward Wind,m s-1,pressure: point time: point (interval: 6H) area: interpolation (method: bilinear) time: mean (interval: 1D),
day,CAPE,atmosphere_convective_available_potential_energy_wrt_surface,Convective Available Potential Energy,J kg-1,time: mean (interval: 1D),
day,mrsol,mass_content_of_water_in_soil_layer,Total Water Content of Soil Layer,kg m-2,time: point (interval: 6H) time: mean (interval: 1D),
day,ta150,air_temperature,Air Temperature,K,pressure: point time: point (interval: 6H) area: interpolation (method: bilinear) time: mean (interval: 1D),
day,ua50,eastward_wind,Eastward Wind,m s-1,pressure: point time: point (interval: 6H) area: interpolation (method: bilinear) time: mean (interval: 1D),
day,mrro,runoff_flux,Total Runoff,kg m-2 s-1,time: mean (interval: 1 hour) time: mean (interval: 1D),
day,tasmin,air_temperature,Daily Minimum Near-Surface Air Temperature,K,time: minimum (interval: 1 hour) time: minimum (interval: 1D),
day,hus250,specific_humidity,Specific Humidity,1,pressure: point time: point (interval: 6H) area: interpolation (method: bilinear) time: mean (interval: 1D),
day,rsdscs,surface_downwelling_shortwave_flux_in_air_assuming_clear_sky,Surface Downwelling Clear-Sky Shortwave Radiation,W m-2,time: mean (interval: 1D),
day,ua600,eastward_wind,Eastward Wind,m s-1,pressure: point time: point (interval: 6H) area: interpolation (method: bilinear) time: mean (interval: 1D),
day,va925,northward_wind,Northward Wind,m s-1,pressure: point time: point (interval: 6H) area: interpolation (method: bilinear) time: mean (interval: 1D),
day,prc,convective_precipitation_flux,Convective Precipitation,kg m-2 s-1,time: mean (interval: 1 hour) time: mean (interval: 1D),
day,zg20,geopotential_height,Geopotential Height,m,pressure: point time: point (interval: 6H) area: interpolation (method: bilinear) time: mean (interval: 1D),
day,ta200m,air_temperature,Air Temperature at 200m,K,model_level_number: point area: interpolation (method: bilinear) height: interpolation(method: log) time: point (interval: 1H) time: mean (interval: 1D),
day,prhmax,precipitation_flux,Daily Maximum Hourly Precipitation Rate,kg m-2 s-1,time: mean (interval: 1 hour) time: maximum (interval: 1D),
day,va500,northward_wind,Northward Wind,m s-1,pressure: point time: point (interval: 6H) area: interpolation (method: bilinear) time: mean (interval: 1D),
day,wa200,upward_air_velocity,Upward Air Velocity,m s-1,pressure: point time: point (interval: 6H) area: interpolation (method: bilinear) time: mean (interval: 1D),
day,wa400,upward_air_velocity,Upward Air Velocity,m s-1,pressure: point time: point (interval: 6H) area: interpolation (method: bilinear) time: mean (interval: 1D),
day,ua300,eastward_wind,Eastward Wind,m s-1,pressure: point time: point (interval: 6H) area: interpolation (method: bilinear) time: mean (interval: 1D),
day,va250m,northward_wind,Northward Wind at 250m,m s-1,model_level_number: point area: interpolation (method: bilinear) height: interpolation(method: log) time: point (interval: 1H) time: mean (interval: 1D),
day,hus700,specific_humidity,Specific Humidity,1,pressure: point time: point (interval: 6H) area: interpolation (method: bilinear) time: mean (interval: 1D),
day,zg50,geopotential_height,Geopotential Height,m,pressure: point time: point (interval: 6H) area: interpolation (method: bilinear) time: mean (interval: 1D),
day,hus500,specific_humidity,Specific Humidity,1,pressure: point time: point (interval: 6H) area: interpolation (method: bilinear) time: mean (interval: 1D),
day,wa250,upward_air_velocity,Upward Air Velocity,m s-1,pressure: point time: point (interval: 6H) area: interpolation (method: bilinear) time: mean (interval: 1D),
day,va10,northward_wind,Northward Wind,m s-1,pressure: point time: point (interval: 6H) area: interpolation (method: bilinear) time: mean (interval: 1D),
day,ua700,eastward_wind,Eastward Wind,m s-1,pressure: point time: point (interval: 6H) area: interpolation (method: bilinear) time: mean (interval: 1D),
day,clivi,atmosphere_mass_content_of_cloud_ice,Ice Water Path,kg m-2,time: point (interval: 1H) time: mean (interval: 1D),
day,va150m,northward_wind,Northward Wind at 150m,m s-1,model_level_number: point area: interpolation (method: bilinear) height: interpolation(method: log) time: point (interval: 1H) time: mean (interval: 1D),
day,zg150,geopotential_height,Geopotential Height,m,pressure: point time: point (interval: 6H) area: interpolation (method: bilinear) time: mean (interval: 1D),
day,clt,cloud_area_fraction,Total Cloud Cover Percentage,%,time: mean (interval: 1 hour) time: mean (interval: 1D),
day,ua50m,eastward_wind,Eastward Wind at 50m,m s-1,model_level_number: point area: interpolation (method: bilinear) height: interpolation(method: log) time: point (interval: 1H) time: mean (interval: 1D),
day,clm,cloud_area_fraction_in_atmosphere_layer,Mid Level Cloud Fraction,%,time: mean (interval: 1 hour) time: mean (interval: 1D),
day,tsl,soil_temperature,Temperature of Soil,K,time: point (interval: 6H) time: mean (interval: 1D),
day,zg400,geopotential_height,Geopotential Height,m,pressure: point time: point (interval: 6H) area: interpolation (method: bilinear) time: mean (interval: 1D),
day,rlutcs,toa_outgoing_longwave_flux_assuming_clear_sky,TOA Outgoing Clear-Sky Longwave Radiation,W m-2,time: mean (interval: 1 hour) time: mean (interval: 1D),
day,va50,northward_wind,Northward Wind,m s-1,pressure: point time: point (interval: 6H) area: interpolation (method: bilinear) time: mean (interval: 1D),
day,prsn,snowfall_flux,Snowfall Flux,kg m-2 s-1,time: mean (interval: 1 hour) time: mean (interval: 1D),
day,ta250m,air_temperature,Air Temperature at 250m,K,model_level_number: point area: interpolation (method: bilinear) height: interpolation(method: log) time: point (interval: 1H) time: mean (interval: 1D),
day,CIN,atmosphere_convective_inhibition_wrt_surface,Convective Inhibition,J kg-1,time: point (interval: 1H) time: mean (interval: 1D),
day,zg300,geopotential_height,Geopotential Height,m,pressure: point time: point (interval: 6H) area: interpolation (method: bilinear) time: mean (interval: 1D),
day,hus30,specific_humidity,Specific Humidity,1,pressure: point time: point (interval: 6H) area: interpolation (method: bilinear) time: mean (interval: 1D),
day,ta50m,air_temperature,Air Temperature at 50m,K,model_level_number: point area: interpolation (method: bilinear) height: interpolation(method: linear) time: point (interval: 1H) time: mean (interval: 1D),
day,zg70,geopotential_height,Geopotential Height,m,pressure: point time: point (interval: 6H) area: interpolation (method: bilinear) time: mean (interval: 1D),
day,ua100m,eastward_wind,Eastward Wind at 100m,m s-1,model_level_number: point area: interpolation (method: bilinear) height: interpolation(method: log) time: point (interval: 1H) time: mean (interval: 1D),
day,hus100,specific_humidity,Specific Humidity,1,pressure: point time: point (interval: 6H) area: interpolation (method: bilinear) time: mean (interval: 1D),
day,ua1000,eastward_wind,Eastward Wind,m s-1,pressure: point time: point (interval: 6H) area: interpolation (method: bilinear) time: mean (interval: 1D),
day,zg500,geopotential_height,Geopotential Height,m,pressure: point time: point (interval: 6H) area: interpolation (method: bilinear) time: mean (interval: 1D),
day,mrsos,mass_content_of_water_in_soil_layer\n,Moisture in Upper Portion of Soil Column,kg m-2,time: point (interval: 1H) depth: point time: mean (interval: 1D),
day,wa50,upward_air_velocity,Upward Air Velocity,m s-1,pressure: point time: point (interval: 6H) area: interpolation (method: bilinear) time: mean (interval: 1D),
mon,mrfsol,frozen_water_content_of_soil_layer,Frozen Water Content of Soil Layer,kg m-2,time: point (interval: 6H) time: mean (interval: 1M),
mon,ta925,air_temperature,Air Temperature,K,pressure: point time: point (interval: 6H) area: interpolation (method: bilinear) time: mean (interval: 1M),
mon,uas,eastward_wind,Eastward Near-Surface Wind,m s-1,time: point (interval: 1H) area: interpolation (method: bilinear) time: mean (interval: 1M),
mon,ta1000,air_temperature,Air Temperature,K,pressure: point time: point (interval: 6H) area: interpolation (method: bilinear) time: mean (interval: 1M),
mon,ua400,eastward_wind,Eastward Wind,m s-1,pressure: point time: point (interval: 6H) area: interpolation (method: bilinear) time: mean (interval: 1M),
mon,zmla,atmosphere_boundary_layer_thickness,Height of Boundary Layer,m,time: point (interval: 1H) time: mean (interval: 1M),
mon,rsdt,toa_incoming_shortwave_flux,TOA Incident Shortwave Radiation,W m-2,time: mean (interval: 1 hour) time: mean (interval: 1H) time: mean (interval: 1M),
mon,zg850,geopotential_height,Geopotential Height,m,pressure: point time: point (interval: 6H) area: interpolation (method: bilinear) time: mean (interval: 1M),
mon,hus850,specific_humidity,Specific Humidity,1,pressure: point time: point (interval: 6H) area: interpolation (method: bilinear) time: mean (interval: 1M),
mon,va200,northward_wind,Northward Wind,m s-1,pressure: point time: point (interval: 6H) area: interpolation (method: bilinear) time: mean (interval: 1M),
mon,rsuscs,surface_upwelling_shortwave_flux_in_air_assuming_clear_sky,Surface Upwelling Clear-Sky Shortwave Radiation,W m-2,time: mean (interval: 1M),
mon,ua200m,eastward_wind,Eastward Wind at 200m,m s-1,model_level_number: point area: interpolation (method: bilinear) height: interpolation(method: log) time: point (interval: 1H) time: mean (interval: 1M),
mon,ta10,air_temperature,Air Temperature,K,pressure: point time: point (interval: 6H) area: interpolation (method: bilinear) time: mean (interval: 1M),
mon,hurs,relative_humidity,Near-Surface Relative Humidity,%,time: point (interval: 1H) time: mean (interval: 1M),
mon,vas,northward_wind,Northward Near-Surface Wind,m s-1,time: point (interval: 1H) area: interpolation (method: bilinear) time: mean (interval: 1M),
mon,wa70,upward_air_velocity,Upward Air Velocity,m s-1,pressure: point time: point (interval: 6H) area: interpolation (method: bilinear) time: mean (interval: 1M),
mon,evspsblpot,water_potential_evaporation_flux,Potential Evapotranspiration,kg m-2 s-1,time: mean (interval: 1 hour) time: mean (interval: 1M),
mon,ta600,air_temperature,Air Temperature,K,pressure: point time: point (interval: 6H) area: interpolation (method: bilinear) time: mean (interval: 1M),
mon,sfcWindmax,wind_speed,Monthly Mean Daily Maximum Near-Surface Wind Speed,m s-1,time: maximum (interval: 1 hour) area: interpolation (method: bilinear) time: maximum (interval: 1D) time: mean (interval: 1M),
mon,va70,northward_wind,Northward Wind,m s-1,pressure: point time: point (interval: 6H) area: interpolation (method: bilinear) time: mean (interval: 1M),
mon,hus200,specific_humidity,Specific Humidity,1,pressure: point time: point (interval: 6H) area: interpolation (method: bilinear) time: mean (interval: 1M),
mon,hus300,specific_humidity,Specific Humidity,1,pressure: point time: point (interval: 6H) area: interpolation (method: bilinear) time: mean (interval: 1M),
mon,ua100,eastward_wind,Eastward Wind,m s-1,pressure: point time: point (interval: 6H) area: interpolation (method: bilinear) time: mean (interval: 1M),
mon,ua150m,eastward_wind,Eastward Wind at 150m,m s-1,model_level_number: point area: interpolation (method: bilinear) height: interpolation(method: log) time: point (interval: 1H) time: mean (interval: 1M),
mon,ua200,eastward_wind,Eastward Wind,m s-1,pressure: point time: point (interval: 6H) area: interpolation (method: bilinear) time: mean (interval: 1M),
mon,ua250m,eastward_wind,Eastward Wind at 250m,m s-1,model_level_number: point area: interpolation (method: bilinear) height: interpolation(method: log) time: point (interval: 1H) time: mean (interval: 1M),
mon,wsgsmax,wind_speed_of_gust ,Monthly Mean Daily Maximum Near-Surface Wind Speed of Gust,m s-1,time: maximum (interval: 1 hour) area: interpolation (method: bilinear) time: maximum (interval: 1H) time: maximum (interval: 1D) time: mean (interval: 1M),
mon,wa1000,upward_air_velocity,Upward Air Velocity,m s-1,pressure: point time: point (interval: 6H) area: interpolation (method: bilinear) time: mean (interval: 1M),
mon,rsdsdir,surface_direct_downwelling_shortwave_flux_in_air,Surface Direct Downwelling Shortwave Radiation,W m-2,time: mean (interval: 1H) time: mean (interval: 1M),
mon,sic,sea_ice_area_fraction,Sea Ice Area Fraction,%,time: point (interval: 6H) time: mean (interval: 1M),
mon,huss,specific_humidity,Near-Surface Specific Humidity,1,time: point (interval: 1H) time: mean (interval: 1M),
mon,rluscs,surface_upwelling_longwave_flux_in_air_assuming_clear_sky,Surface Upwelling Clear-Sky Longwave Radiation,W m-2,time: mean (interval: 1M),
mon,ta20,air_temperature,Air Temperature,K,pressure: point time: point (interval: 6H) area: interpolation (method: bilinear) time: mean (interval: 1M),
mon,zg1000,geopotential_height,Geopotential Height,m,pressure: point time: point (interval: 6H) area: interpolation (method: bilinear) time: mean (interval: 1M),
mon,hfss,surface_upward_sensible_heat_flux,Surface Upward Sensible Heat Flux,W m-2,time: mean (interval: 1 hour) time: mean (interval: 1H) time: mean (interval: 1M),
mon,zg925,geopotential_height,Geopotential Height,m,pressure: point time: point (interval: 6H) area: interpolation (method: bilinear) time: mean (interval: 1M),
mon,hus50,specific_humidity,Specific Humidity,1,pressure: point time: point (interval: 6H) area: interpolation (method: bilinear) time: mean (interval: 1M),
mon,hus150,specific_humidity,Specific Humidity,1,pressure: point time: point (interval: 6H) area: interpolation (method: bilinear) time: mean (interval: 1M),
mon,hus600,specific_humidity,Specific Humidity,1,pressure: point time: point (interval: 6H) area: interpolation (method: bilinear) time: mean (interval: 1M),
mon,va700,northward_wind,Northward Wind,m s-1,pressure: point time: point (interval: 6H) area: interpolation (method: bilinear) time: mean (interval: 1M),
mon,sfcWind,wind_speed,Near-Surface Wind Speed,m s-1,time: point (interval: 1H) area: interpolation (method: bilinear) time: mean (interval: 1M),
mon,hus1000,specific_humidity,Specific Humidity,1,pressure: point time: point (interval: 6H) area: interpolation (method: bilinear) time: mean (interval: 1M),
mon,ta200,air_temperature,Air Temperature,K,pressure: point time: point (interval: 6H) area: interpolation (method: bilinear) time: mean (interval: 1M),
mon,wa10,upward_air_velocity,Upward Air Velocity,m s-1,pressure: point time: point (interval: 6H) area: interpolation (method: bilinear) time: mean (interval: 1M),
mon,mrfsos,frozen_water_content_of_soil_layer,Frozen Water Content in Upper Portion of Soil Column,kg m-2,time: point (interval: 6H) depth: point time: mean (interval: 1M),
mon,ua1500m,northward_wind,Eastward Wind at 1500m,m s-1,model_level_number: point area: interpolation (method: bilinear) height: interpolation(method: log) time: point (interval: 1H) time: mean (interval: 1M),
mon,va100,northward_wind,Northward Wind,m s-1,pressure: point time: point (interval: 6H) area: interpolation (method: bilinear) time: mean (interval: 1M),
mon,ua10,eastward_wind,Eastward Wind,m s-1,pressure: point time: point (interval: 6H) area: interpolation (method: bilinear) time: mean (interval: 1M),
mon,hfls,surface_upward_latent_heat_flux,Surface Upward Latent Heat Flux,W m-2,time: mean (interval: 1 hour) time: mean (interval: 1H) time: mean (interval: 1M),
mon,va20,northward_wind,Northward Wind,m s-1,pressure: point time: point (interval: 6H) area: interpolation (method: bilinear) time: mean (interval: 1M),
mon,hus400,specific_humidity,Specific Humidity,1,pressure: point time: point (interval: 6H) area: interpolation (method: bilinear) time: mean (interval: 1M),
mon,zg100,geopotential_height,Geopotential Height,m,pressure: point time: point (interval: 6H) area: interpolation (method: bilinear) time: mean (interval: 1M),
mon,ta1500m,air_temperature,Air Temperature at 1500m,K,model_level_number: point area: interpolation (method: bilinear) height: interpolation(method: log) time: point (interval: 1H) time: mean (interval: 1M),
mon,snd,surface_snow_thickness,Snow Depth,m,pseudo_level: sum time: mean (interval: 1M),
mon,ta250,air_temperature,Air Temperature,K,pressure: point time: point (interval: 6H) area: interpolation (method: bilinear) time: mean (interval: 1M),
mon,ua250,eastward_wind,Eastward Wind,m s-1,pressure: point time: point (interval: 6H) area: interpolation (method: bilinear) time: mean (interval: 1M),
mon,va200m,northward_wind,Northward Wind at 200m,m s-1,model_level_number: point area: interpolation (method: bilinear) height: interpolation(method: log) time: point (interval: 1H) time: mean (interval: 1M),
mon,rsut,toa_outgoing_shortwave_flux,TOA Outgoing Shortwave Radiation,W m-2,time: mean (interval: 1 hour) time: mean (interval: 1H) time: mean (interval: 1M),
mon,snw,surface_snow_amount,Surface Snow Amount,kg m-2,time: point (interval: 6H) time: mean (interval: 1M),
mon,ua925,eastward_wind,Eastward Wind,m s-1,pressure: point time: point (interval: 6H) area: interpolation (method: bilinear) time: mean (interval: 1M),
mon,tasmean,air_temperature,Monthly Mean Near-Surface Air Temperature,K,time: point (interval: 1H) time: mean (interval: 1M),
mon,mrros,surface_runoff_flux,Surface Runoff,kg m-2 s-1,time: mean (interval: 1 hour) time: mean (interval: 1M),
mon,va300,northward_wind,Northward Wind,m s-1,pressure: point time: point (interval: 6H) area: interpolation (method: bilinear) time: mean (interval: 1M),
mon,clh,cloud_area_fraction_in_atmosphere_layer,High Level Cloud Fraction,%,time: mean (interval: 1 hour) time: mean (interval: 1M),
mon,tauv,surface_downward_northward_stress,Surface Downward Northward Wind Stress,Pa,time: mean (interval: 1 hour) time: mean (interval: 1M),
mon,z0,surface_roughness_length,Surface Roughness Length,m,time: mean (interval: 1 hour) time: mean (interval: 1M),
mon,cll,cloud_area_fraction_in_atmosphere_layer,Low Level Cloud Fraction,%,time: mean (interval: 1 hour) time: mean (interval: 1M),
mon,tasmax,air_temperature,Monthly Mean Daily Maximum Near-Surface Air Temperature,K,time: maximum (interval: 1 hour) time: maximum (interval: 1D) time: mean (interval: 1M),
mon,wa100,upward_air_velocity,Upward Air Velocity,m s-1,pressure: point time: point (interval: 6H) area: interpolation (method: bilinear) time: mean (interval: 1M),
mon,wa600,upward_air_velocity,Upward Air Velocity,m s-1,pressure: point time: point (interval: 6H) area: interpolation (method: bilinear) time: mean (interval: 1M),
mon,omega500,downward_air_velocity,Downward Air Velocity in pressure coordinates,Pa s-1,pressure: point time: point (interval: 6H) area: interpolation (method: bilinear) time: mean (interval: 1M),
mon,ta50,air_temperature,Air Temperature,K,pressure: point time: point (interval: 6H) area: interpolation (method: bilinear) time: mean (interval: 1M),
mon,ta500,air_temperature,Air Temperature,K,pressure: point time: point (interval: 6H) area: interpolation (method: bilinear) time: mean (interval: 1M),
mon,va600,northward_wind,Northward Wind,m s-1,pressure: point time: point (interval: 6H) area: interpolation (method: bilinear) time: mean (interval: 1M),
mon,zg10,geopotential_height,Geopotential Height,m,pressure: point time: point (interval: 6H) area: interpolation (method: bilinear) time: mean (interval: 1M),
mon,va250,northward_wind,Northward Wind,m s-1,pressure: point time: point (interval: 6H) area: interpolation (method: bilinear) time: mean (interval: 1M),
mon,sund,duration_of_sunshine,Monthly Mean Duration of Sunshine,s,time: mean (interval: 1M),
mon,va1000,northward_wind,Northward Wind,m s-1,pressure: point time: point (interval: 6H) area: interpolation (method: bilinear) time: mean (interval: 1M),
mon,ta30,air_temperature,Air Temperature,K,pressure: point time: point (interval: 6H) area: interpolation (method: bilinear) time: mean (interval: 1M),
mon,rsutcs,toa_outgoing_shortwave_flux_assuming_clear_sky,TOA Outgoing Clear-Sky Shortwave Radiation,W m-2,time: mean (interval: 1 hour) time: mean (interval: 1M),
mon,ta100m,air_temperature,Air Temperature at 100m,K,model_level_number: point area: interpolation (method: bilinear) height: interpolation(method: log) time: point (interval: 1H) time: mean (interval: 1M),
mon,ta100,air_temperature,Air Temperature,K,pressure: point time: point (interval: 6H) area: interpolation (method: bilinear) time: mean (interval: 1M),
mon,va100m,northward_wind,Northward Wind at 100m,m s-1,model_level_number: point area: interpolation (method: bilinear) height: interpolation(method: log) time: point (interval: 1H) time: mean (interval: 1M),
mon,mrfso,soil_frozen_water_content,Soil Frozen Water Content,kg m-2,time: point (interval: 6H) depth: sum time: mean (interval: 1M),
mon,rldscs,surface_downwelling_longwave_flux_in_air_assuming_clear_sky,Surface Downwelling Clear-Sky Longwave Radiation,W m-2,time: mean (interval: 1M),
mon,rlds,surface_downwelling_longwave_flux_in_air,Surface Downwelling Longwave Radiation,W m-2,time: mean (interval: 1 hour) time: mean (interval: 1M),
mon,va1500m,northward_wind,Northward Wind at 1500m,m s-1,model_level_number: point area: interpolation (method: bilinear) height: interpolation(method: log) time: point (interval: 1H) time: mean (interval: 1M),
mon,wa150,upward_air_velocity,Upward Air Velocity,m s-1,pressure: point time: point (interval: 6H) area: interpolation (method: bilinear) time: mean (interval: 1M),
mon,ta400,air_temperature,Air Temperature,K,pressure: point time: point (interval: 6H) area: interpolation (method: bilinear) time: mean (interval: 1M),
mon,hus20,specific_humidity,Specific Humidity,1,pressure: point time: point (interval: 6H) area: interpolation (method: bilinear) time: mean (interval: 1M),
mon,hus925,specific_humidity,Specific Humidity,1,pressure: point time: point (interval: 6H) area: interpolation (method: bilinear) time: mean (interval: 1M),
mon,wa700,upward_air_velocity,Upward Air Velocity,m s-1,pressure: point time: point (interval: 6H) area: interpolation (method: bilinear) time: mean (interval: 1M),
mon,wa20,upward_air_velocity,Upward Air Velocity,m s-1,pressure: point time: point (interval: 6H) area: interpolation (method: bilinear) time: mean (interval: 1M),
mon,va30,northward_wind,Northward Wind,m s-1,pressure: point time: point (interval: 6H) area: interpolation (method: bilinear) time: mean (interval: 1M),
mon,psl,air_pressure_at_mean_sea_level,Sea Level Pressure,Pa,time: point (interval: 1H) time: mean (interval: 1M),
mon,rsds,surface_downwelling_shortwave_flux_in_air,Surface Downwelling Shortwave Radiation,W m-2,time: mean (interval: 1 hour) time: mean (interval: 1M),
mon,mrso,mass_content_of_water_in_soil\n,Total Soil Moisture Content,kg m-2,time: point (interval: 6H) depth: sum time: mean (interval: 1M),
mon,snm,surface_snow_melt_flux,Surface Snow Melt,kg m-2 s-1,time: mean (interval: 1 hour) time: mean (interval: 1M),
mon,hus70,specific_humidity,Specific Humidity,1,pressure: point time: point (interval: 6H) area: interpolation (method: bilinear) time: mean (interval: 1M),
mon,ua500,eastward_wind,Eastward Wind,m s-1,pressure: point time: point (interval: 6H) area: interpolation (method: bilinear) time: mean (interval: 1M),
mon,rsus,surface_upwelling_shortwave_flux_in_air,Surface Upwelling Shortwave Radiation,W m-2,time: mean (interval: 1 hour) time: mean (interval: 1H) time: mean (interval: 1M),
mon,ua70,eastward_wind,Eastward Wind,m s-1,pressure: point time: point (interval: 6H) area: interpolation (method: bilinear) time: mean (interval: 1M),
mon,zg30,geopotential_height,Geopotential Height,m,pressure: point time: point (interval: 6H) area: interpolation (method: bilinear) time: mean (interval: 1M),
mon,rlut,toa_outgoing_longwave_flux,TOA Outgoing Longwave Radiation,W m-2,time: mean (interval: 1 hour) time: mean (interval: 1H) time: mean (interval: 1M),
mon,zg700,geopotential_height,Geopotential Height,m,pressure: point time: point (interval: 6H) area: interpolation (method: bilinear) time: mean (interval: 1M),
mon,ta700,air_temperature,Air Temperature,K,pressure: point time: point (interval: 6H) area: interpolation (method: bilinear) time: mean (interval: 1M),
mon,va400,northward_wind,Northward Wind,m s-1,pressure: point time: point (interval: 6H) area: interpolation (method: bilinear) time: mean (interval: 1M),
mon,rlus,surface_upwelling_longwave_flux_in_air,Surface Upwelling Longwave Radiation,W m-2,time: mean (interval: 1 hour) time: mean (interval: 1H) time: mean (interval: 1M),
mon,va150,northward_wind,Northward Wind,m s-1,pressure: point time: point (interval: 6H) area: interpolation (method: bilinear) time: mean (interval: 1M),
mon,va50m,northward_wind,Northward Wind at 50m,m s-1,model_level_number: point area: interpolation (method: bilinear) height: interpolation(method: log) time: point (interval: 1H) time: mean (interval: 1M),
mon,evspsbl,water_evapotranspiration_flux,Evaporation Including Sublimation and Transpiration,kg m-2 s-1,time: mean (interval: 1 hour) time: mean (interval: 1M),
mon,ta70,air_temperature,Air Temperature,K,pressure: point time: point (interval: 6H) area: interpolation (method: bilinear) time: mean (interval: 1M),
mon,ua20,eastward_wind,Eastward Wind,m s-1,pressure: point time: point (interval: 6H) area: interpolation (method: bilinear) time: mean (interval: 1M),
mon,ua850,eastward_wind,Eastward Wind,m s-1,pressure: point time: point (interval: 6H) area: interpolation (method: bilinear) time: mean (interval: 1M),
mon,ts,surface_temperature,Surface Temperature,K,time: point (interval: 1H) time: mean (interval: 1M),
mon,wa925,upward_air_velocity,Upward Air Velocity,m s-1,pressure: point time: point (interval: 6H) area: interpolation (method: bilinear) time: mean (interval: 1M),
mon,wa30,upward_air_velocity,Upward Air Velocity,m s-1,pressure: point time: point (interval: 6H) area: interpolation (method: bilinear) time: mean (interval: 1M),
mon,wa850,upward_air_velocity,Upward Air Velocity,m s-1,pressure: point time: point (interval: 6H) area: interpolation (method: bilinear) time: mean (interval: 1M),
mon,zg200,geopotential_height,Geopotential Height,m,pressure: point time: point (interval: 6H) area: interpolation (method: bilinear) time: mean (interval: 1M),
mon,va850,northward_wind,Northward Wind,m s-1,pressure: point time: point (interval: 6H) area: interpolation (method: bilinear) time: mean (interval: 1M),
mon,prw,atmosphere_mass_content_of_water_vapor,Water Vapor Path,kg m-2,time: point (interval: 1H) time: mean (interval: 1M),
mon,wa500,upward_air_velocity,Upward Air Velocity,m s-1,pressure: point time: point (interval: 6H) area: interpolation (method: bilinear) time: mean (interval: 1M),
mon,ta300,air_temperature,Air Temperature,K,pressure: point time: point (interval: 6H) area: interpolation (method: bilinear) time: mean (interval: 1M),
mon,hus10,specific_humidity,Specific Humidity,1,pressure: point time: point (interval: 6H) area: interpolation (method: bilinear) time: mean (interval: 1M),
mon,tauu,surface_downward_eastward_stress,Surface Downward Eastward Wind Stress,Pa,time: mean (interval: 1 hour) time: mean (interval: 1M),
mon,zg600,geopotential_height,Geopotential Height,m,pressure: point time: point (interval: 6H) area: interpolation (method: bilinear) time: mean (interval: 1M),
mon,ta150m,air_temperature,Air Temperature at 150m,K,model_level_number: point area: interpolation (method: bilinear) height: interpolation(method: log) time: point (interval: 1H) time: mean (interval: 1M),
mon,zg250,geopotential_height,Geopotential Height,m,pressure: point time: point (interval: 6H) area: interpolation (method: bilinear) time: mean (interval: 1M),
mon,pr,precipitation_flux,Precipitation,kg m-2 s-1,time: mean (interval: 1 hour) time: mean (interval: 1M),
mon,ua30,eastward_wind,Eastward Wind,m s-1,pressure: point time: point (interval: 6H) area: interpolation (method: bilinear) time: mean (interval: 1M),
mon,clwvi,atmosphere_mass_content_of_cloud_condensed_water,Condensed Water Path,kg m-2,time: point (interval: 1H) time: mean (interval: 1M),
mon,ps,surface_air_pressure,Surface Air Pressure,Pa,time: point (interval: 1H) time: mean (interval: 1M),
mon,ta850,air_temperature,Air Temperature,K,pressure: point time: point (interval: 6H) area: interpolation (method: bilinear) time: mean (interval: 1M),
mon,wa300,upward_air_velocity,Upward Air Velocity,m s-1,pressure: point time: point (interval: 6H) area: interpolation (method: bilinear) time: mean (interval: 1M),
mon,ua150,eastward_wind,Eastward Wind,m s-1,pressure: point time: point (interval: 6H) area: interpolation (method: bilinear) time: mean (interval: 1M),
mon,CAPE,atmosphere_convective_available_potential_energy_wrt_surface,Convective Available Potential Energy,J kg-1,time: mean (interval: 1M),
mon,mrsol,mass_content_of_water_in_soil_layer,Total Water Content of Soil Layer,kg m-2,time: point (interval: 6H) time: mean (interval: 1M),
mon,ta150,air_temperature,Air Temperature,K,pressure: point time: point (interval: 6H) area: interpolation (method: bilinear) time: mean (interval: 1M),
mon,ua50,eastward_wind,Eastward Wind,m s-1,pressure: point time: point (interval: 6H) area: interpolation (method: bilinear) time: mean (interval: 1M),
mon,mrro,runoff_flux,Total Runoff,kg m-2 s-1,time: mean (interval: 1 hour) time: mean (interval: 1M),
mon,tasmin,air_temperature,Monthly Mean Daily Minimum Near-Surface Air Temperature,K,time: minimum (interval: 1 hour) time: minimum (interval: 1D) time: mean (interval: 1M),
mon,hus250,specific_humidity,Specific Humidity,1,pressure: point time: point (interval: 6H) area: interpolation (method: bilinear) time: mean (interval: 1M),
mon,rsdscs,surface_downwelling_shortwave_flux_in_air_assuming_clear_sky,Surface Downwelling Clear-Sky Shortwave Radiation,W m-2,time: mean (interval: 1M),
mon,ua600,eastward_wind,Eastward Wind,m s-1,pressure: point time: point (interval: 6H) area: interpolation (method: bilinear) time: mean (interval: 1M),
mon,va925,northward_wind,Northward Wind,m s-1,pressure: point time: point (interval: 6H) area: interpolation (method: bilinear) time: mean (interval: 1M),
mon,prc,convective_precipitation_flux,Convective Precipitation,kg m-2 s-1,time: mean (interval: 1 hour) time: mean (interval: 1D) time: mean (interval: 1M),
mon,zg20,geopotential_height,Geopotential Height,m,pressure: point time: point (interval: 6H) area: interpolation (method: bilinear) time: mean (interval: 1M),
mon,ta200m,air_temperature,Air Temperature at 200m,K,model_level_number: point area: interpolation (method: bilinear) height: interpolation(method: log) time: point (interval: 1H) time: mean (interval: 1M),
mon,prhmax,precipitation_flux,Monthly Mean Daily Maximum Hourly Precipitation Rate,kg m-2 s-1,time: mean (interval: 1 hour) time: maximum (interval: 1D) time: mean (interval: 1M),
mon,va500,northward_wind,Northward Wind,m s-1,pressure: point time: point (interval: 6H) area: interpolation (method: bilinear) time: mean (interval: 1M),
mon,wa200,upward_air_velocity,Upward Air Velocity,m s-1,pressure: point time: point (interval: 6H) area: interpolation (method: bilinear) time: mean (interval: 1M),
mon,wa400,upward_air_velocity,Upward Air Velocity,m s-1,pressure: point time: point (interval: 6H) area: interpolation (method: bilinear) time: mean (interval: 1M),
mon,ua300,eastward_wind,Eastward Wind,m s-1,pressure: point time: point (interval: 6H) area: interpolation (method: bilinear) time: mean (interval: 1M),
mon,va250m,northward_wind,Northward Wind at 250m,m s-1,model_level_number: point area: interpolation (method: bilinear) height: interpolation(method: log) time: point (interval: 1H) time: mean (interval: 1M),
mon,hus700,specific_humidity,Specific Humidity,1,pressure: point time: point (interval: 6H) area: interpolation (method: bilinear) time: mean (interval: 1M),
mon,zg50,geopotential_height,Geopotential Height,m,pressure: point time: point (interval: 6H) area: interpolation (method: bilinear) time: mean (interval: 1M),
mon,hus500,specific_humidity,Specific Humidity,1,pressure: point time: point (interval: 6H) area: interpolation (method: bilinear) time: mean (interval: 1M),
mon,wa250,upward_air_velocity,Upward Air Velocity,m s-1,pressure: point time: point (interval: 6H) area: interpolation (method: bilinear) time: mean (interval: 1M),
mon,va10,northward_wind,Northward Wind,m s-1,pressure: point time: point (interval: 6H) area: interpolation (method: bilinear) time: mean (interval: 1M),
mon,ua700,eastward_wind,Eastward Wind,m s-1,pressure: point time: point (interval: 6H) area: interpolation (method: bilinear) time: mean (interval: 1M),
mon,clivi,atmosphere_mass_content_of_cloud_ice,Ice Water Path,kg m-2,time: point (interval: 1H) time: mean (interval: 1M),
mon,va150m,northward_wind,Northward Wind at 150m,m s-1,model_level_number: point area: interpolation (method: bilinear) height: interpolation(method: log) time: point (interval: 1H) time: mean (interval: 1M),
mon,zg150,geopotential_height,Geopotential Height,m,pressure: point time: point (interval: 6H) area: interpolation (method: bilinear) time: mean (interval: 1M),
mon,clt,cloud_area_fraction,Total Cloud Cover Percentage,%,time: mean (interval: 1 hour) time: mean (interval: 1M),
mon,ua50m,eastward_wind,Eastward Wind at 50m,m s-1,model_level_number: point area: interpolation (method: bilinear) height: interpolation(method: log) time: point (interval: 1H) time: mean (interval: 1M),
mon,clm,cloud_area_fraction_in_atmosphere_layer,Mid Level Cloud Fraction,%,time: mean (interval: 1 hour) time: mean (interval: 1M),
mon,tsl,soil_temperature,Temperature of Soil,K,time: point (interval: 6H) time: mean (interval: 1M),
mon,zg400,geopotential_height,Geopotential Height,m,pressure: point time: point (interval: 6H) area: interpolation (method: bilinear) time: mean (interval: 1M),
mon,rlutcs,toa_outgoing_longwave_flux_assuming_clear_sky,TOA Outgoing Clear-Sky Longwave Radiation,W m-2,time: mean (interval: 1 hour) time: mean (interval: 1M),
mon,va50,northward_wind,Northward Wind,m s-1,pressure: point time: point (interval: 6H) area: interpolation (method: bilinear) time: mean (interval: 1M),
mon,prsn,snowfall_flux,Snowfall Flux,kg m-2 s-1,time: mean (interval: 1 hour) time: mean (interval: 1M),
mon,ta250m,air_temperature,Air Temperature at 250m,K,model_level_number: point area: interpolation (method: bilinear) height: interpolation(method: log) time: point (interval: 1H) time: mean (interval: 1M),
mon,CIN,atmosphere_convective_inhibition_wrt_surface,Convective Inhibition,J kg-1,time: point (interval: 1H) time: mean (interval: 1M),
mon,zg300,geopotential_height,Geopotential Height,m,pressure: point time: point (interval: 6H) area: interpolation (method: bilinear) time: mean (interval: 1M),
mon,hus30,specific_humidity,Specific Humidity,1,pressure: point time: point (interval: 6H) area: interpolation (method: bilinear) time: mean (interval: 1M),
mon,ta50m,air_temperature,Air Temperature at 50m,K,model_level_number: point area: interpolation (method: bilinear) height: interpolation(method: linear) time: point (interval: 1H) time: mean (interval: 1M),
mon,zg70,geopotential_height,Geopotential Height,m,pressure: point time: point (interval: 6H) area: interpolation (method: bilinear) time: mean (interval: 1M),
mon,ua100m,eastward_wind,Eastward Wind at 100m,m s-1,model_level_number: point area: interpolation (method: bilinear) height: interpolation(method: log) time: point (interval: 1H) time: mean (interval: 1M),
mon,hus100,specific_humidity,Specific Humidity,1,pressure: point time: point (interval: 6H) area: interpolation (method: bilinear) time: mean (interval: 1M),
mon,ua1000,eastward_wind,Eastward Wind,m s-1,pressure: point time: point (interval: 6H) area: interpolation (method: bilinear) time: mean (interval: 1M),
mon,zg500,geopotential_height,Geopotential Height,m,pressure: point time: point (interval: 6H) area: interpolation (method: bilinear) time: mean (interval: 1M),
mon,mrsos,mass_content_of_water_in_soil_layer\n,Moisture in Upper Portion of Soil Column,kg m-2,time: point (interval: 1H) depth: point time: mean (interval: 1M),
mon,wa50,upward_air_velocity,Upward Air Velocity,m s-1,pressure: point time: point (interval: 6H) area: interpolation (method: bilinear) time: mean (interval: 1M),
fx,sftlf,land_area_fraction,Percentage of the grid  cell occupied by land (including lakes),%, ,
fx,orog,surface_altitude,Surface Altitude,m, ,
